country,iso3,region,income_group,depression_pct,anxiety_pct,suicide_rate_per_100k,psychiatrists_per100k,mh_budget_pct_of_health_spending,mh_spend_per_capita_usd,treatment_gap_pct,social_media_hours_daily,internet_penetration_pct,gdp_per_capita_usd_x,population_millions,covid_mh_increase_pct,youth_mh_crisis_score,has_mh_policy,has_mh_law,mental_health_crisis_index,total_affected_millions,psychiatrists_per_million,mh_investment_gap,social_media_mental_health_risk,depression_anxiety_comorbidity_est_pct,mh_system_score,income_group_code,data_year,data_source,Overall rank,happiness_score,gdp_per_capita_usd_y,Social support,Healthy life expectancy,Freedom to make life choices,Generosity,Perceptions of corruption
Malawi,MWI,Africa,Low,3.3,4.5,6.5,0.02,0.8,0.1,97.0,1.1,16.0,700,20.4,86.0,9.5,0,0,87,1.59,0.2,0.078,Low (<1.5h),1.65,3.4,1,2025,WHO Mental Health Atlas 2024 | GBD Study 2023 (IHME) | Our World in Data (Mar 2026) | OECD 2024 | DataReportal 2025,150.0,3.41,0.191,0.56,0.495,0.443,0.218,0.089
Mozambique,MOZ,Africa,Low,3.4,4.6,8.2,0.04,0.6,0.1,96.0,1.2,18.0,600,32.8,85.0,9.4,0,0,86,2.62,0.4,0.058,Low (<1.5h),1.7,3.1,1,2025,WHO Mental Health Atlas 2024 | GBD Study 2023 (IHME) | Our World in Data (Mar 2026) | OECD 2024 | DataReportal 2025,123.0,4.466,0.204,0.986,0.39,0.494,0.197,0.138
Ethiopia,ETH,Africa,Low,3.5,4.8,10.2,0.04,1.0,0.1,95.0,1.4,22.0,1200,123.4,82.0,9.3,0,0,84,10.24,0.4,0.095,Low (<1.5h),1.75,4.7,1,2025,WHO Mental Health Atlas 2024 | GBD Study 2023 (IHME) | Our World in Data (Mar 2026) | OECD 2024 | DataReportal 2025,134.0,4.286,0.336,1.033,0.532,0.344,0.209,0.1
Zimbabwe,ZWE,Africa,Low,4.0,5.2,15.4,0.05,0.7,0.1,94.0,2.1,35.0,1000,15.9,82.0,9.3,0,0,83,1.46,0.5,0.066,Moderate (1.5-2.5h),2.0,4.1,1,2025,WHO Mental Health Atlas 2024 | GBD Study 2023 (IHME) | Our World in Data (Mar 2026) | OECD 2024 | DataReportal 2025,146.0,3.663,0.366,1.114,0.433,0.361,0.151,0.089
Tanzania,TZA,Africa,Low,3.6,4.9,8.6,0.04,0.8,0.1,94.0,1.6,28.0,1200,65.5,80.0,9.2,0,0,82,5.57,0.4,0.075,Moderate (1.5-2.5h),1.8,4.4,1,2025,WHO Mental Health Atlas 2024 | GBD Study 2023 (IHME) | Our World in Data (Mar 2026) | OECD 2024 | DataReportal 2025,153.0,3.231,0.476,0.885,0.499,0.417,0.276,0.147
Uganda,UGA,Africa,Low,3.5,4.8,12.0,0.08,1.0,0.1,93.0,1.8,24.0,900,47.1,80.0,9.1,0,0,81,3.91,0.8,0.093,Moderate (1.5-2.5h),1.75,5.4,1,2025,WHO Mental Health Atlas 2024 | GBD Study 2023 (IHME) | Our World in Data (Mar 2026) | OECD 2024 | DataReportal 2025,136.0,4.189,0.332,1.069,0.443,0.356,0.252,0.06
Lesotho,LSO,Africa,Lower-Middle,4.8,5.8,87.5,0.05,1.1,0.2,93.0,1.3,29.0,1200,2.2,71.0,9.2,0,0,80,0.23,0.5,0.102,Low (<1.5h),2.4,5.6,2,2025,WHO Mental Health Atlas 2024 | GBD Study 2023 (IHME) | Our World in Data (Mar 2026) | OECD 2024 | DataReportal 2025,144.0,3.802,0.489,1.169,0.168,0.359,0.107,0.093
Eswatini,SWZ,Africa,Lower-Middle,4.5,5.5,40.5,0.08,1.0,0.2,92.0,1.4,41.0,4200,1.2,72.0,9.1,0,0,79,0.12,0.8,0.092,Low (<1.5h),2.25,5.7,2,2025,WHO Mental Health Atlas 2024 | GBD Study 2023 (IHME) | Our World in Data (Mar 2026) | OECD 2024 | DataReportal 2025,,,,,,,,
Ukraine,UKR,Europe,Upper-Middle,6.3,7.1,18.5,3.1,2.8,8.0,62.0,2.8,72.0,4108,44.1,45.0,8.5,1,1,78,5.91,31.0,0.174,High (2.5-3.5h),3.15,24.2,3,2025,WHO Mental Health Atlas 2024 | GBD Study 2023 (IHME) | Our World in Data (Mar 2026) | OECD 2024 | DataReportal 2025,133.0,4.332,0.82,1.39,0.739,0.178,0.187,0.01
Nigeria,NGA,Africa,Lower-Middle,3.9,5.2,9.0,0.1,0.9,0.1,90.0,4.8,55.0,2200,218.5,72.0,9.1,0,0,78,19.88,1.0,0.081,Very High (>3.5h),1.95,6.0,2,2025,WHO Mental Health Atlas 2024 | GBD Study 2023 (IHME) | Our World in Data (Mar 2026) | OECD 2024 | DataReportal 2025,85.0,5.265,0.696,1.111,0.245,0.426,0.215,0.041
North Korea,PRK,W. Pacific,Low,3.4,4.1,9.8,0.3,0.8,0.1,95.0,0.1,8.0,1800,25.9,70.0,8.5,0,0,76,1.94,3.0,0.076,Low (<1.5h),1.7,4.4,1,2025,WHO Mental Health Atlas 2024 | GBD Study 2023 (IHME) | Our World in Data (Mar 2026) | OECD 2024 | DataReportal 2025,,,,,,,,
Ghana,GHA,Africa,Lower-Middle,3.7,5.1,7.4,0.1,1.2,0.2,91.0,2.8,62.0,2400,33.5,72.0,9.0,1,1,76,2.95,1.0,0.109,High (2.5-3.5h),1.85,6.6,2,2025,WHO Mental Health Atlas 2024 | GBD Study 2023 (IHME) | Our World in Data (Mar 2026) | OECD 2024 | DataReportal 2025,98.0,4.996,0.611,0.868,0.486,0.381,0.245,0.04
Kenya,KEN,Africa,Lower-Middle,3.8,5.0,8.9,0.2,1.1,0.2,89.0,3.5,43.0,2200,55.1,68.0,8.9,1,0,74,4.85,2.0,0.098,High (2.5-3.5h),1.9,7.0,2,2025,WHO Mental Health Atlas 2024 | GBD Study 2023 (IHME) | Our World in Data (Mar 2026) | OECD 2024 | DataReportal 2025,121.0,4.509,0.512,0.983,0.581,0.431,0.372,0.053
Iraq,IRQ,E. Med,Lower-Middle,4.8,8.8,5.2,0.6,1.2,0.8,84.0,2.9,71.0,5300,42.2,68.0,8.9,0,0,73,5.74,6.0,0.101,High (2.5-3.5h),2.4,9.4,2,2025,WHO Mental Health Atlas 2024 | GBD Study 2023 (IHME) | Our World in Data (Mar 2026) | OECD 2024 | DataReportal 2025,126.0,4.437,1.043,0.98,0.574,0.241,0.148,0.089
Bangladesh,BGD,S-E Asia,Lower-Middle,3.7,4.8,7.5,0.2,0.8,0.1,90.0,2.6,38.0,2800,170.0,68.0,8.8,0,0,73,14.45,2.0,0.072,High (2.5-3.5h),1.85,5.8,2,2025,WHO Mental Health Atlas 2024 | GBD Study 2023 (IHME) | Our World in Data (Mar 2026) | OECD 2024 | DataReportal 2025,125.0,4.456,0.562,0.928,0.723,0.527,0.166,0.143
Nepal,NPL,S-E Asia,Low,3.9,5.0,10.5,0.2,1.0,0.2,90.0,2.2,34.0,1200,29.6,70.0,8.6,0,0,72,2.63,2.0,0.09,Moderate (1.5-2.5h),1.95,6.4,1,2025,WHO Mental Health Atlas 2024 | GBD Study 2023 (IHME) | Our World in Data (Mar 2026) | OECD 2024 | DataReportal 2025,100.0,4.913,0.446,1.226,0.677,0.439,0.285,0.089
Pakistan,PAK,E. Med,Lower-Middle,4.0,5.0,8.5,0.2,0.9,0.2,88.0,2.8,36.0,1800,231.4,66.0,8.7,1,1,72,20.83,2.0,0.079,High (2.5-3.5h),2.0,6.7,2,2025,WHO Mental Health Atlas 2024 | GBD Study 2023 (IHME) | Our World in Data (Mar 2026) | OECD 2024 | DataReportal 2025,67.0,5.653,0.677,0.886,0.535,0.313,0.22,0.098
Brazil,BRA,Americas,Upper-Middle,5.8,9.3,7.9,3.2,2.3,4.5,78.0,3.8,84.0,10800,215.3,55.0,8.9,1,1,71,32.51,32.0,0.179,Very High (>3.5h),2.9,17.9,3,2025,WHO Mental Health Atlas 2024 | GBD Study 2023 (IHME) | Our World in Data (Mar 2026) | OECD 2024 | DataReportal 2025,32.0,6.3,1.004,1.439,0.802,0.39,0.099,0.086
Venezuela,VEN,Americas,Upper-Middle,4.6,6.0,8.8,0.7,0.9,0.4,88.0,3.2,72.0,3500,29.0,64.0,8.5,0,0,71,3.07,7.0,0.079,High (2.5-3.5h),2.3,7.4,3,2025,WHO Mental Health Atlas 2024 | GBD Study 2023 (IHME) | Our World in Data (Mar 2026) | OECD 2024 | DataReportal 2025,108.0,4.707,0.96,1.427,0.805,0.154,0.064,0.047
Myanmar,MMR,S-E Asia,Lower-Middle,3.6,4.7,9.0,0.2,1.2,0.2,88.0,2.8,40.0,1200,54.0,62.0,8.4,0,0,70,4.48,2.0,0.106,High (2.5-3.5h),1.8,7.7,2,2025,WHO Mental Health Atlas 2024 | GBD Study 2023 (IHME) | Our World in Data (Mar 2026) | OECD 2024 | DataReportal 2025,131.0,4.36,0.71,1.181,0.555,0.525,0.566,0.172
Bolivia,BOL,Americas,Lower-Middle,4.0,5.3,11.2,0.5,1.0,0.8,87.0,2.4,60.0,3800,12.1,62.0,8.4,0,0,70,1.13,5.0,0.087,Moderate (1.5-2.5h),2.0,7.7,2,2025,WHO Mental Health Atlas 2024 | GBD Study 2023 (IHME) | Our World in Data (Mar 2026) | OECD 2024 | DataReportal 2025,61.0,5.779,0.776,1.209,0.706,0.511,0.137,0.064
South Africa,ZAF,Africa,Upper-Middle,4.9,6.2,9.8,0.3,0.9,1.8,87.0,3.9,72.0,7100,59.9,61.0,8.8,1,1,70,6.65,3.0,0.078,Very High (>3.5h),2.45,7.2,3,2025,WHO Mental Health Atlas 2024 | GBD Study 2023 (IHME) | Our World in Data (Mar 2026) | OECD 2024 | DataReportal 2025,106.0,4.722,0.96,1.351,0.469,0.389,0.13,0.055
Cambodia,KHM,S-E Asia,Lower-Middle,3.5,4.7,7.2,0.3,0.9,0.3,86.0,1.8,40.0,2200,17.0,62.0,8.4,0,0,69,1.39,3.0,0.077,Moderate (1.5-2.5h),1.75,7.5,2,2025,WHO Mental Health Atlas 2024 | GBD Study 2023 (IHME) | Our World in Data (Mar 2026) | OECD 2024 | DataReportal 2025,109.0,4.7,0.574,1.122,0.637,0.609,0.232,0.062
Morocco,MAR,Africa,Lower-Middle,4.1,6.9,4.5,0.6,1.2,0.9,88.0,2.6,88.0,4200,37.5,64.0,8.5,1,0,69,4.12,6.0,0.106,High (2.5-3.5h),2.05,8.2,2,2025,WHO Mental Health Atlas 2024 | GBD Study 2023 (IHME) | Our World in Data (Mar 2026) | OECD 2024 | DataReportal 2025,89.0,5.208,0.801,0.782,0.782,0.418,0.036,0.076
Lebanon,LBN,E. Med,Lower-Middle,5.0,8.4,4.8,1.6,2.4,2.8,78.0,3.0,84.0,3900,5.5,62.0,8.7,1,1,68,0.74,16.0,0.187,High (2.5-3.5h),2.5,16.2,2,2025,WHO Mental Health Atlas 2024 | GBD Study 2023 (IHME) | Our World in Data (Mar 2026) | OECD 2024 | DataReportal 2025,91.0,5.197,0.987,1.224,0.815,0.216,0.166,0.027
Papua New Guinea,PNG,W. Pacific,Lower-Middle,3.0,4.0,6.1,0.09,1.2,0.2,88.0,1.8,22.0,2800,9.5,65.0,8.2,0,0,68,0.66,0.9,0.106,Moderate (1.5-2.5h),1.5,7.5,2,2025,WHO Mental Health Atlas 2024 | GBD Study 2023 (IHME) | Our World in Data (Mar 2026) | OECD 2024 | DataReportal 2025,,,,,,,,
India,IND,S-E Asia,Lower-Middle,3.8,4.5,12.0,0.3,1.3,0.2,84.0,2.5,52.0,2800,1428.6,58.0,8.2,1,1,67,118.57,3.0,0.109,Moderate (1.5-2.5h),1.9,9.3,2,2025,WHO Mental Health Atlas 2024 | GBD Study 2023 (IHME) | Our World in Data (Mar 2026) | OECD 2024 | DataReportal 2025,140.0,4.015,0.755,0.765,0.588,0.498,0.2,0.085
Solomon Islands,SLB,W. Pacific,Lower-Middle,2.9,3.8,5.2,0.08,0.9,0.2,90.0,1.4,20.0,2500,0.7,66.0,8.0,0,0,67,0.05,0.8,0.081,Low (<1.5h),1.45,6.0,2,2025,WHO Mental Health Atlas 2024 | GBD Study 2023 (IHME) | Our World in Data (Mar 2026) | OECD 2024 | DataReportal 2025,,,,,,,,
Tunisia,TUN,Africa,Lower-Middle,4.3,7.1,3.8,0.8,1.5,1.2,82.0,2.4,80.0,4000,12.0,62.0,8.3,1,1,66,1.37,8.0,0.123,Moderate (1.5-2.5h),2.15,11.2,2,2025,WHO Mental Health Atlas 2024 | GBD Study 2023 (IHME) | Our World in Data (Mar 2026) | OECD 2024 | DataReportal 2025,124.0,4.461,0.921,1.0,0.815,0.167,0.059,0.055
Indonesia,IDN,S-E Asia,Lower-Middle,3.7,4.8,3.4,0.3,1.5,0.4,83.0,3.2,78.0,5100,277.5,62.0,8.3,1,1,66,23.59,3.0,0.124,High (2.5-3.5h),1.85,10.3,2,2025,WHO Mental Health Atlas 2024 | GBD Study 2023 (IHME) | Our World in Data (Mar 2026) | OECD 2024 | DataReportal 2025,92.0,5.192,0.931,1.203,0.66,0.491,0.498,0.028
Egypt,EGY,E. Med,Lower-Middle,4.2,7.2,4.0,0.9,1.8,1.4,79.0,2.8,73.0,4800,105.0,62.0,8.3,1,0,65,11.97,9.0,0.142,High (2.5-3.5h),2.1,13.2,2,2025,WHO Mental Health Atlas 2024 | GBD Study 2023 (IHME) | Our World in Data (Mar 2026) | OECD 2024 | DataReportal 2025,137.0,4.166,0.913,1.039,0.644,0.241,0.076,0.067
Iran,IRN,E. Med,Lower-Middle,4.7,9.1,6.5,1.5,2.1,3.2,75.0,3.4,79.0,6900,87.9,58.0,8.2,1,1,65,12.13,15.0,0.158,High (2.5-3.5h),2.35,16.1,2,2025,WHO Mental Health Atlas 2024 | GBD Study 2023 (IHME) | Our World in Data (Mar 2026) | OECD 2024 | DataReportal 2025,117.0,4.548,1.1,0.842,0.785,0.305,0.27,0.125
Philippines,PHL,S-E Asia,Lower-Middle,4.3,6.1,3.2,0.5,1.8,0.8,78.0,4.0,74.0,4000,115.6,54.0,8.1,1,1,64,12.02,5.0,0.14,Very High (>3.5h),2.15,13.0,2,2025,WHO Mental Health Atlas 2024 | GBD Study 2023 (IHME) | Our World in Data (Mar 2026) | OECD 2024 | DataReportal 2025,69.0,5.631,0.807,1.293,0.657,0.558,0.117,0.107
Ecuador,ECU,Americas,Upper-Middle,4.3,5.9,7.9,0.8,1.5,2.2,82.0,2.6,72.0,7300,18.0,57.0,8.0,1,0,64,1.84,8.0,0.123,High (2.5-3.5h),2.15,11.2,3,2025,WHO Mental Health Atlas 2024 | GBD Study 2023 (IHME) | Our World in Data (Mar 2026) | OECD 2024 | DataReportal 2025,50.0,6.028,0.912,1.312,0.868,0.498,0.126,0.087
Sri Lanka,LKA,S-E Asia,Lower-Middle,4.2,5.4,11.2,0.5,1.6,0.8,82.0,1.9,48.0,4200,22.2,58.0,8.0,1,1,64,2.13,5.0,0.131,Moderate (1.5-2.5h),2.1,11.1,2,2025,WHO Mental Health Atlas 2024 | GBD Study 2023 (IHME) | Our World in Data (Mar 2026) | OECD 2024 | DataReportal 2025,130.0,4.366,0.949,1.265,0.831,0.47,0.244,0.047
Peru,PER,Americas,Upper-Middle,4.4,6.2,8.1,1.2,1.2,2.8,79.0,2.8,74.0,8100,33.5,55.0,7.9,1,0,63,3.55,12.0,0.095,High (2.5-3.5h),2.2,11.7,3,2025,WHO Mental Health Atlas 2024 | GBD Study 2023 (IHME) | Our World in Data (Mar 2026) | OECD 2024 | DataReportal 2025,65.0,5.697,0.96,1.274,0.854,0.455,0.083,0.027
Jordan,JOR,E. Med,Lower-Middle,4.5,8.0,4.2,1.4,2.0,2.5,74.0,3.2,83.0,5200,10.2,58.0,8.1,1,1,63,1.27,14.0,0.148,High (2.5-3.5h),2.25,15.9,2,2025,WHO Mental Health Atlas 2024 | GBD Study 2023 (IHME) | Our World in Data (Mar 2026) | OECD 2024 | DataReportal 2025,101.0,4.906,0.837,1.225,0.815,0.383,0.11,0.13
Colombia,COL,Americas,Upper-Middle,4.9,7.0,7.6,1.9,1.8,5.0,68.0,3.7,73.0,7900,51.9,51.0,7.8,1,1,62,6.18,19.0,0.122,Very High (>3.5h),2.45,17.8,3,2025,WHO Mental Health Atlas 2024 | GBD Study 2023 (IHME) | Our World in Data (Mar 2026) | OECD 2024 | DataReportal 2025,43.0,6.125,0.985,1.41,0.841,0.47,0.099,0.034
Vietnam,VNM,S-E Asia,Lower-Middle,3.7,4.9,8.0,0.5,1.4,0.5,82.0,2.2,78.0,4400,97.3,52.0,7.8,1,1,62,8.37,5.0,0.115,Moderate (1.5-2.5h),1.85,10.5,2,2025,WHO Mental Health Atlas 2024 | GBD Study 2023 (IHME) | Our World in Data (Mar 2026) | OECD 2024 | DataReportal 2025,94.0,5.175,0.741,1.346,0.851,0.543,0.147,0.073
Russia,RUS,Europe,Upper-Middle,5.2,4.6,26.5,10.7,2.5,16.0,55.0,2.4,85.0,15000,143.8,48.0,7.8,1,1,61,14.09,107.0,0.138,Moderate (1.5-2.5h),2.6,34.8,3,2025,WHO Mental Health Atlas 2024 | GBD Study 2023 (IHME) | Our World in Data (Mar 2026) | OECD 2024 | DataReportal 2025,68.0,5.648,1.183,1.452,0.726,0.334,0.082,0.031
Uzbekistan,UZB,Europe,Lower-Middle,3.8,4.5,10.2,2.1,2.2,1.8,72.0,2.8,72.0,2400,35.3,58.0,7.8,1,1,61,2.93,21.0,0.158,High (2.5-3.5h),1.9,18.0,2,2025,WHO Mental Health Atlas 2024 | GBD Study 2023 (IHME) | Our World in Data (Mar 2026) | OECD 2024 | DataReportal 2025,41.0,6.174,0.745,1.529,0.756,0.631,0.322,0.24
Mexico,MEX,Americas,Upper-Middle,4.2,5.8,7.7,1.6,1.6,3.5,71.0,3.3,78.0,11600,128.5,52.0,7.6,1,1,60,12.85,16.0,0.114,High (2.5-3.5h),2.1,15.9,3,2025,WHO Mental Health Atlas 2024 | GBD Study 2023 (IHME) | Our World in Data (Mar 2026) | OECD 2024 | DataReportal 2025,23.0,6.595,1.07,1.323,0.861,0.433,0.074,0.073
Mongolia,MNG,W. Pacific,Lower-Middle,4.1,5.0,14.1,2.4,2.8,4.0,72.0,2.4,78.0,5500,3.4,56.0,7.8,1,1,60,0.31,24.0,0.202,Moderate (1.5-2.5h),2.05,20.3,2,2025,WHO Mental Health Atlas 2024 | GBD Study 2023 (IHME) | Our World in Data (Mar 2026) | OECD 2024 | DataReportal 2025,83.0,5.285,0.948,1.531,0.667,0.317,0.235,0.038
Thailand,THA,S-E Asia,Upper-Middle,4.1,5.6,14.4,1.1,3.1,5.0,72.0,2.8,85.0,8800,71.8,48.0,7.5,1,1,59,6.96,11.0,0.223,High (2.5-3.5h),2.05,19.6,3,2025,WHO Mental Health Atlas 2024 | GBD Study 2023 (IHME) | Our World in Data (Mar 2026) | OECD 2024 | DataReportal 2025,52.0,6.008,1.05,1.409,0.828,0.557,0.359,0.028
Fiji,FJI,W. Pacific,Upper-Middle,3.1,4.2,5.8,0.5,2.2,2.2,78.0,2.0,62.0,6300,0.9,60.0,7.4,1,1,59,0.07,5.0,0.172,Moderate (1.5-2.5h),1.55,14.2,3,2025,WHO Mental Health Atlas 2024 | GBD Study 2023 (IHME) | Our World in Data (Mar 2026) | OECD 2024 | DataReportal 2025,,,,,,,,
Georgia,GEO,Europe,Upper-Middle,4.4,5.6,8.8,4.8,3.6,12.0,64.0,2.9,79.0,7600,3.7,52.0,7.5,1,1,58,0.37,48.0,0.23,High (2.5-3.5h),2.2,28.2,3,2025,WHO Mental Health Atlas 2024 | GBD Study 2023 (IHME) | Our World in Data (Mar 2026) | OECD 2024 | DataReportal 2025,119.0,4.519,0.886,0.666,0.752,0.346,0.043,0.164
Azerbaijan,AZE,Europe,Upper-Middle,3.8,4.6,4.8,3.5,3.0,8.0,68.0,2.4,85.0,7900,10.1,52.0,7.5,1,1,58,0.85,35.0,0.204,Moderate (1.5-2.5h),1.9,23.5,3,2025,WHO Mental Health Atlas 2024 | GBD Study 2023 (IHME) | Our World in Data (Mar 2026) | OECD 2024 | DataReportal 2025,90.0,5.208,1.043,1.147,0.769,0.351,0.035,0.182
Argentina,ARG,Americas,Upper-Middle,5.4,7.4,9.8,13.6,4.5,15.0,52.0,2.9,88.0,13600,45.4,46.0,7.5,1,1,58,5.81,136.0,0.234,High (2.5-3.5h),2.7,45.5,3,2025,WHO Mental Health Atlas 2024 | GBD Study 2023 (IHME) | Our World in Data (Mar 2026) | OECD 2024 | DataReportal 2025,47.0,6.086,1.092,1.432,0.881,0.471,0.066,0.05
Armenia,ARM,Europe,Upper-Middle,4.5,5.8,5.4,4.2,3.4,10.0,64.0,2.6,82.0,7200,2.8,50.0,7.4,1,1,57,0.29,42.0,0.218,High (2.5-3.5h),2.25,26.8,3,2025,WHO Mental Health Atlas 2024 | GBD Study 2023 (IHME) | Our World in Data (Mar 2026) | OECD 2024 | DataReportal 2025,116.0,4.559,0.85,1.055,0.815,0.283,0.095,0.064
Kazakhstan,KAZ,Europe,Upper-Middle,4.2,4.8,22.5,5.4,2.8,8.0,64.0,2.6,84.0,11200,19.0,48.0,7.2,1,1,56,1.71,54.0,0.179,High (2.5-3.5h),2.1,26.4,3,2025,WHO Mental Health Atlas 2024 | GBD Study 2023 (IHME) | Our World in Data (Mar 2026) | OECD 2024 | DataReportal 2025,60.0,5.809,1.173,1.508,0.729,0.41,0.146,0.096
Malaysia,MYS,S-E Asia,Upper-Middle,3.9,5.8,6.0,1.8,3.5,6.0,65.0,3.1,89.0,13200,33.6,44.0,7.2,1,1,55,3.26,18.0,0.227,High (2.5-3.5h),1.95,23.9,3,2025,WHO Mental Health Atlas 2024 | GBD Study 2023 (IHME) | Our World in Data (Mar 2026) | OECD 2024 | DataReportal 2025,80.0,5.339,1.221,1.171,0.828,0.508,0.26,0.024
Chile,CHL,Americas,High,5.1,6.8,10.1,4.8,3.4,16.0,54.0,2.4,92.0,16400,19.5,42.0,7.2,1,1,55,2.32,48.0,0.184,Moderate (1.5-2.5h),2.55,30.6,4,2025,WHO Mental Health Atlas 2024 | GBD Study 2023 (IHME) | Our World in Data (Mar 2026) | OECD 2024 | DataReportal 2025,26.0,6.444,1.159,1.369,0.92,0.357,0.187,0.056
Turkey,TUR,Europe,Upper-Middle,3.8,5.2,4.8,2.0,2.9,8.0,68.0,2.1,81.0,13100,85.0,44.0,7.2,1,1,55,7.65,20.0,0.197,Moderate (1.5-2.5h),1.9,21.3,3,2025,WHO Mental Health Atlas 2024 | GBD Study 2023 (IHME) | Our World in Data (Mar 2026) | OECD 2024 | DataReportal 2025,79.0,5.373,1.183,1.36,0.808,0.195,0.083,0.106
Costa Rica,CRI,Americas,Upper-Middle,4.8,6.2,8.5,3.2,3.8,18.0,57.0,2.3,83.0,14900,5.2,44.0,7.1,1,1,54,0.57,32.0,0.217,Moderate (1.5-2.5h),2.4,29.0,3,2025,WHO Mental Health Atlas 2024 | GBD Study 2023 (IHME) | Our World in Data (Mar 2026) | OECD 2024 | DataReportal 2025,12.0,7.167,1.034,1.441,0.963,0.558,0.144,0.093
China,CHN,W. Pacific,Upper-Middle,4.0,4.6,8.0,2.2,2.2,4.0,55.0,2.0,73.0,13100,1412.0,38.0,7.0,1,1,53,121.43,22.0,0.121,Moderate (1.5-2.5h),2.0,23.4,3,2025,WHO Mental Health Atlas 2024 | GBD Study 2023 (IHME) | Our World in Data (Mar 2026) | OECD 2024 | DataReportal 2025,93.0,5.191,1.029,1.125,0.893,0.521,0.058,0.1
Romania,ROU,Europe,Upper-Middle,4.8,5.1,12.0,4.1,2.9,12.0,58.0,1.6,83.0,17200,19.0,40.0,7.0,1,1,53,1.88,41.0,0.168,Moderate (1.5-2.5h),2.4,27.0,3,2025,WHO Mental Health Atlas 2024 | GBD Study 2023 (IHME) | Our World in Data (Mar 2026) | OECD 2024 | DataReportal 2025,48.0,6.07,1.162,1.232,0.825,0.462,0.083,0.005
Hungary,HUN,Europe,High,5.0,5.4,19.1,6.2,3.8,22.0,43.0,1.5,89.0,22100,9.7,41.0,6.9,1,1,52,1.01,62.0,0.163,Low (<1.5h),2.5,37.0,4,2025,WHO Mental Health Atlas 2024 | GBD Study 2023 (IHME) | Our World in Data (Mar 2026) | OECD 2024 | DataReportal 2025,62.0,5.758,1.201,1.41,0.828,0.199,0.081,0.02
Portugal,PRT,Europe,High,5.7,8.7,9.4,13.9,6.2,48.0,28.0,1.9,84.0,24200,10.3,32.0,7.2,1,1,52,1.48,139.0,0.174,Moderate (1.5-2.5h),2.85,58.5,4,2025,WHO Mental Health Atlas 2024 | GBD Study 2023 (IHME) | Our World in Data (Mar 2026) | OECD 2024 | DataReportal 2025,66.0,5.693,1.221,1.431,0.999,0.508,0.047,0.025
Saudi Arabia,SAU,E. Med,High,3.4,6.8,3.5,3.8,4.2,28.0,58.0,2.5,97.0,28400,36.4,42.0,6.8,1,1,52,3.71,38.0,0.244,Moderate (1.5-2.5h),1.7,30.6,4,2025,WHO Mental Health Atlas 2024 | GBD Study 2023 (IHME) | Our World in Data (Mar 2026) | OECD 2024 | DataReportal 2025,28.0,6.375,1.403,1.357,0.795,0.439,0.08,0.132
United States,USA,Americas,High,5.9,7.7,14.2,16.0,7.0,280.0,19.0,2.3,93.0,76400,335.0,42.0,7.8,1,1,51,45.56,160.0,0.133,Moderate (1.5-2.5h),2.95,66.4,4,2025,WHO Mental Health Atlas 2024 | GBD Study 2023 (IHME) | Our World in Data (Mar 2026) | OECD 2024 | DataReportal 2025,19.0,6.892,1.433,1.457,0.874,0.454,0.28,0.128
Serbia,SRB,Europe,Upper-Middle,4.7,5.0,13.5,5.2,3.8,14.0,56.0,2.2,82.0,10900,6.8,42.0,6.8,0,1,51,0.66,52.0,0.213,Moderate (1.5-2.5h),2.35,31.8,3,2025,WHO Mental Health Atlas 2024 | GBD Study 2023 (IHME) | Our World in Data (Mar 2026) | OECD 2024 | DataReportal 2025,70.0,5.603,1.004,1.383,0.854,0.282,0.137,0.039
Poland,POL,Europe,High,4.9,5.3,16.2,5.6,3.4,20.0,45.0,1.6,88.0,21300,37.8,38.0,6.8,1,1,50,3.86,56.0,0.153,Moderate (1.5-2.5h),2.45,34.4,4,2025,WHO Mental Health Atlas 2024 | GBD Study 2023 (IHME) | Our World in Data (Mar 2026) | OECD 2024 | DataReportal 2025,40.0,6.182,1.206,1.438,0.884,0.483,0.117,0.05
Greece,GRC,Europe,High,5.7,6.8,4.9,14.1,5.8,42.0,31.0,1.7,82.0,21800,10.4,31.0,6.8,1,1,49,1.3,141.0,0.18,Moderate (1.5-2.5h),2.85,56.6,4,2025,WHO Mental Health Atlas 2024 | GBD Study 2023 (IHME) | Our World in Data (Mar 2026) | OECD 2024 | DataReportal 2025,82.0,5.287,1.181,1.156,0.999,0.067,0.0,0.034
Lithuania,LTU,Europe,High,5.1,5.5,21.6,14.6,5.6,38.0,26.0,1.5,89.0,26200,2.8,40.0,6.5,1,1,49,0.3,146.0,0.146,Low (<1.5h),2.55,58.2,4,2025,WHO Mental Health Atlas 2024 | GBD Study 2023 (IHME) | Our World in Data (Mar 2026) | OECD 2024 | DataReportal 2025,42.0,6.149,1.238,1.515,0.818,0.291,0.043,0.042
Estonia,EST,Europe,High,5.9,6.1,17.2,14.6,5.4,38.0,25.0,1.4,91.0,27100,1.4,34.0,6.1,1,1,48,0.17,146.0,0.135,Low (<1.5h),2.95,57.8,4,2025,WHO Mental Health Atlas 2024 | GBD Study 2023 (IHME) | Our World in Data (Mar 2026) | OECD 2024 | DataReportal 2025,55.0,5.893,1.237,1.528,0.874,0.495,0.103,0.161
Israel,ISR,E. Med,High,4.8,6.0,8.6,12.8,6.2,75.0,26.0,2.1,93.0,54800,9.4,39.0,6.5,1,1,47,1.02,128.0,0.161,Moderate (1.5-2.5h),2.4,57.8,4,2025,WHO Mental Health Atlas 2024 | GBD Study 2023 (IHME) | Our World in Data (Mar 2026) | OECD 2024 | DataReportal 2025,13.0,7.139,1.276,1.455,1.029,0.371,0.261,0.082
Cuba,CUB,Americas,Upper-Middle,3.9,4.5,12.5,8.1,3.2,12.0,42.0,1.8,71.0,9500,11.2,38.0,6.1,1,1,46,0.94,81.0,0.134,Moderate (1.5-2.5h),1.95,37.8,3,2025,WHO Mental Health Atlas 2024 | GBD Study 2023 (IHME) | Our World in Data (Mar 2026) | OECD 2024 | DataReportal 2025,,,,,,,,
Slovenia,SVN,Europe,High,4.9,5.2,18.0,11.4,5.2,62.0,27.0,1.4,90.0,30900,2.1,36.0,6.2,1,1,46,0.21,114.0,0.14,Low (<1.5h),2.45,52.7,4,2025,WHO Mental Health Atlas 2024 | GBD Study 2023 (IHME) | Our World in Data (Mar 2026) | OECD 2024 | DataReportal 2025,44.0,6.118,1.258,1.523,0.953,0.564,0.144,0.057
Czech Republic,CZE,Europe,High,4.7,5.0,14.0,9.8,3.2,28.0,38.0,1.4,91.0,28200,10.9,35.0,6.1,1,1,46,1.06,98.0,0.122,Low (<1.5h),2.35,41.1,4,2025,WHO Mental Health Atlas 2024 | GBD Study 2023 (IHME) | Our World in Data (Mar 2026) | OECD 2024 | DataReportal 2025,20.0,6.852,1.269,1.487,0.92,0.457,0.046,0.036
South Korea,KOR,W. Pacific,High,3.6,4.0,25.2,12.6,9.2,78.0,22.0,1.0,98.0,33700,51.7,34.0,6.2,1,1,45,3.93,126.0,0.202,Low (<1.5h),1.8,68.1,4,2025,WHO Mental Health Atlas 2024 | GBD Study 2023 (IHME) | Our World in Data (Mar 2026) | OECD 2024 | DataReportal 2025,54.0,5.895,1.301,1.219,1.036,0.159,0.175,0.056
New Zealand,NZL,W. Pacific,High,5.3,7.4,11.8,12.4,10.2,95.0,21.0,1.9,96.0,50100,5.1,34.0,6.4,1,1,45,0.65,124.0,0.214,Moderate (1.5-2.5h),2.65,71.2,4,2025,WHO Mental Health Atlas 2024 | GBD Study 2023 (IHME) | Our World in Data (Mar 2026) | OECD 2024 | DataReportal 2025,8.0,7.307,1.303,1.557,1.026,0.585,0.33,0.38
Hong Kong,HKG,W. Pacific,High,4.2,5.1,11.2,15.8,7.5,95.0,22.0,1.8,96.0,49800,7.5,35.0,6.2,1,1,44,0.7,158.0,0.165,Moderate (1.5-2.5h),2.1,66.8,4,2025,WHO Mental Health Atlas 2024 | GBD Study 2023 (IHME) | Our World in Data (Mar 2026) | OECD 2024 | DataReportal 2025,76.0,5.43,1.438,1.277,1.122,0.44,0.258,0.287
Australia,AUS,W. Pacific,High,5.9,7.2,12.1,13.8,9.2,100.0,22.0,1.7,93.0,60400,26.5,38.0,6.5,1,1,44,3.47,138.0,0.202,Moderate (1.5-2.5h),2.95,69.6,4,2025,WHO Mental Health Atlas 2024 | GBD Study 2023 (IHME) | Our World in Data (Mar 2026) | OECD 2024 | DataReportal 2025,11.0,7.228,1.372,1.548,1.036,0.557,0.332,0.29
France,FRA,Europe,High,5.3,5.4,13.8,22.4,7.8,95.0,22.0,1.8,93.0,46400,68.0,31.0,6.3,1,1,44,7.28,224.0,0.172,Moderate (1.5-2.5h),2.65,75.8,4,2025,WHO Mental Health Atlas 2024 | GBD Study 2023 (IHME) | Our World in Data (Mar 2026) | OECD 2024 | DataReportal 2025,24.0,6.592,1.324,1.472,1.045,0.436,0.111,0.183
UAE,ARE,E. Med,High,2.9,5.8,3.2,4.5,4.8,48.0,48.0,3.2,99.0,50400,9.9,35.0,5.9,1,1,44,0.86,45.0,0.23,High (2.5-3.5h),1.45,36.5,4,2025,WHO Mental Health Atlas 2024 | GBD Study 2023 (IHME) | Our World in Data (Mar 2026) | OECD 2024 | DataReportal 2025,,,,,,,,
Belgium,BEL,Europe,High,5.4,5.6,15.8,32.5,8.5,130.0,21.0,1.9,93.0,52900,11.6,30.0,6.1,1,1,43,1.28,325.0,0.178,Moderate (1.5-2.5h),2.7,90.7,4,2025,WHO Mental Health Atlas 2024 | GBD Study 2023 (IHME) | Our World in Data (Mar 2026) | OECD 2024 | DataReportal 2025,18.0,6.923,1.356,1.504,0.986,0.473,0.16,0.21
Taiwan,TWN,W. Pacific,High,3.9,4.4,12.4,8.8,6.5,55.0,24.0,1.4,92.0,34800,23.6,31.0,5.9,1,1,43,1.96,88.0,0.156,Low (<1.5h),1.95,54.4,4,2025,WHO Mental Health Atlas 2024 | GBD Study 2023 (IHME) | Our World in Data (Mar 2026) | OECD 2024 | DataReportal 2025,25.0,6.446,1.368,1.43,0.914,0.351,0.242,0.097
Canada,CAN,Americas,High,5.2,6.8,11.5,16.2,7.0,140.0,21.0,1.8,95.0,56100,38.2,34.0,6.3,1,1,43,4.58,162.0,0.147,Moderate (1.5-2.5h),2.6,66.0,4,2025,WHO Mental Health Atlas 2024 | GBD Study 2023 (IHME) | Our World in Data (Mar 2026) | OECD 2024 | DataReportal 2025,9.0,7.278,1.365,1.505,1.039,0.584,0.285,0.308
United Kingdom,GBR,Europe,High,5.1,6.0,11.0,14.5,9.6,104.0,22.0,1.8,97.0,48900,67.7,34.0,6.4,1,1,43,7.51,145.0,0.211,Moderate (1.5-2.5h),2.55,71.7,4,2025,WHO Mental Health Atlas 2024 | GBD Study 2023 (IHME) | Our World in Data (Mar 2026) | OECD 2024 | DataReportal 2025,15.0,7.054,1.333,1.538,0.996,0.45,0.348,0.278
Italy,ITA,Europe,High,4.6,5.0,8.2,11.3,3.5,35.0,28.0,1.6,90.0,38200,59.2,30.0,5.9,1,1,42,5.68,113.0,0.098,Moderate (1.5-2.5h),2.3,47.0,4,2025,WHO Mental Health Atlas 2024 | GBD Study 2023 (IHME) | Our World in Data (Mar 2026) | OECD 2024 | DataReportal 2025,36.0,6.223,1.294,1.488,1.039,0.231,0.158,0.03
Japan,JPN,W. Pacific,High,3.8,4.2,17.5,12.9,5.5,60.0,26.0,0.7,93.0,40900,124.0,31.0,5.8,1,1,42,9.92,129.0,0.143,Low (<1.5h),1.9,55.8,4,2025,WHO Mental Health Atlas 2024 | GBD Study 2023 (IHME) | Our World in Data (Mar 2026) | OECD 2024 | DataReportal 2025,58.0,5.886,1.327,1.419,1.088,0.445,0.069,0.14
Ireland,IRL,Europe,High,5.2,6.1,9.6,11.2,6.1,88.0,24.0,1.9,96.0,106900,5.1,31.0,5.9,1,1,42,0.58,112.0,0.146,Moderate (1.5-2.5h),2.6,56.1,4,2025,WHO Mental Health Atlas 2024 | GBD Study 2023 (IHME) | Our World in Data (Mar 2026) | OECD 2024 | DataReportal 2025,16.0,7.021,1.499,1.553,0.999,0.516,0.298,0.31
Finland,FIN,Europe,High,5.6,5.8,14.6,27.6,11.3,195.0,19.0,1.8,95.0,54400,5.5,29.0,5.8,1,1,41,0.63,276.0,0.215,Moderate (1.5-2.5h),2.8,94.0,4,2025,WHO Mental Health Atlas 2024 | GBD Study 2023 (IHME) | Our World in Data (Mar 2026) | OECD 2024 | DataReportal 2025,1.0,7.769,1.34,1.587,0.986,0.596,0.153,0.393
Spain,ESP,Europe,High,4.5,5.0,8.5,10.8,5.2,42.0,27.0,2.0,91.0,33400,47.4,30.0,5.8,1,1,41,4.5,108.0,0.14,Moderate (1.5-2.5h),2.25,51.9,4,2025,WHO Mental Health Atlas 2024 | GBD Study 2023 (IHME) | Our World in Data (Mar 2026) | OECD 2024 | DataReportal 2025,30.0,6.354,1.286,1.484,1.062,0.362,0.153,0.079
Austria,AUT,Europe,High,4.8,5.1,14.2,22.3,7.6,108.0,21.0,1.7,94.0,54600,9.1,29.0,5.7,1,1,41,0.9,223.0,0.16,Moderate (1.5-2.5h),2.4,75.4,4,2025,WHO Mental Health Atlas 2024 | GBD Study 2023 (IHME) | Our World in Data (Mar 2026) | OECD 2024 | DataReportal 2025,10.0,7.246,1.376,1.475,1.016,0.532,0.244,0.226
Germany,DEU,Europe,High,4.9,5.2,12.2,27.0,11.2,142.0,21.0,1.5,93.0,54300,84.0,28.0,5.6,1,1,40,8.48,270.0,0.235,Low (<1.5h),2.45,92.3,4,2025,WHO Mental Health Atlas 2024 | GBD Study 2023 (IHME) | Our World in Data (Mar 2026) | OECD 2024 | DataReportal 2025,17.0,6.985,1.373,1.454,0.987,0.495,0.261,0.265
Netherlands,NLD,Europe,High,4.8,5.0,10.8,15.8,8.1,118.0,21.0,1.6,95.0,59100,17.9,27.0,5.5,1,1,39,1.75,158.0,0.17,Moderate (1.5-2.5h),2.4,68.9,4,2025,WHO Mental Health Atlas 2024 | GBD Study 2023 (IHME) | Our World in Data (Mar 2026) | OECD 2024 | DataReportal 2025,5.0,7.488,1.396,1.522,0.999,0.557,0.322,0.298
Sweden,SWE,Europe,High,4.6,4.8,13.9,26.8,10.2,165.0,20.0,1.7,97.0,57700,10.5,27.0,5.4,1,1,39,0.99,268.0,0.204,Moderate (1.5-2.5h),2.3,89.3,4,2025,WHO Mental Health Atlas 2024 | GBD Study 2023 (IHME) | Our World in Data (Mar 2026) | OECD 2024 | DataReportal 2025,7.0,7.343,1.387,1.487,1.009,0.574,0.267,0.373
Denmark,DNK,Europe,High,4.7,4.9,11.3,19.4,8.9,178.0,19.0,1.6,98.0,67900,5.9,28.0,5.3,1,1,38,0.57,194.0,0.169,Moderate (1.5-2.5h),2.35,76.4,4,2025,WHO Mental Health Atlas 2024 | GBD Study 2023 (IHME) | Our World in Data (Mar 2026) | OECD 2024 | DataReportal 2025,2.0,7.6,1.383,1.573,0.996,0.592,0.252,0.41
Singapore,SGP,W. Pacific,High,3.5,4.8,9.2,8.6,6.4,82.0,24.0,2.2,99.0,87800,6.0,28.0,5.4,1,1,38,0.5,86.0,0.154,Moderate (1.5-2.5h),1.75,53.9,4,2025,WHO Mental Health Atlas 2024 | GBD Study 2023 (IHME) | Our World in Data (Mar 2026) | OECD 2024 | DataReportal 2025,34.0,6.262,1.572,1.463,1.141,0.556,0.271,0.453
Switzerland,CHE,Europe,High,4.4,4.7,12.2,54.9,8.2,320.0,17.0,1.5,97.0,93400,8.8,27.0,5.2,1,1,37,0.8,549.0,0.139,Low (<1.5h),2.2,100.0,4,2025,WHO Mental Health Atlas 2024 | GBD Study 2023 (IHME) | Our World in Data (Mar 2026) | OECD 2024 | DataReportal 2025,6.0,7.48,1.452,1.526,1.052,0.572,0.263,0.343
Norway,NOR,Europe,High,4.5,4.6,12.6,31.0,9.8,210.0,18.0,1.5,98.0,104900,5.5,26.0,5.1,1,1,36,0.5,310.0,0.176,Low (<1.5h),2.25,93.8,4,2025,WHO Mental Health Atlas 2024 | GBD Study 2023 (IHME) | Our World in Data (Mar 2026) | OECD 2024 | DataReportal 2025,3.0,7.554,1.488,1.582,1.028,0.603,0.271,0.341
